x,Ec=0V,Ec=-1V,Ec=-2V,Ec=-3V,Ec=-4V,Ec=-5V,Ec=-6V,Ec=-7V,Ec=-8V,Ec=-9V,Ec=-10V,Ec=-11V,Ec=-12V,Ec=-13V,Ec=-14V,Ec=-15V,Ec=-16V
-0.042,,0.04,,,,,,,,,,,,,,,
0.022,0.054,,,,,,,,,,,,,,,,
2.228,2.091,,,,,,,,,,,,,,,,
4.91,4.03,,,,,,,,,,,,,,,,
4.963,,0.688,,,,,,,,,,,,,,,
6.991,6.015,,,,,,,,,,,,,,,,
9.901,8.099,,,,,,,,,,,,,,,,
9.987,,1.888,,,,,,,,,,,,,,,
12.24,10,,,,,,,,,,,,,,,,
14.722,,,0.188,,,,,,,,,,,,,,
14.726,,3.145,,,,,,,,,,,,,,,
14.937,11.943,,,,,,,,,,,,,,,,
17.344,14,,,,,,,,,,,,,,,,
19.878,,5.247,,,,,,,,,,,,,,,
19.931,,,1.13,,,,,,,,,,,,,,
20.076,16,,,,,,,,,,,,,,,,
22.27,17.986,,,,,,,,,,,,,,,,
24.283,20.058,,,,,,,,,,,,,,,,
24.825,,,2.027,,,,,,,,,,,,,,
24.878,,7.913,,,,,,,,,,,,,,,
25.405,,,,0.121,,,,,,,,,,,,,
26.214,22.029,,,,,,,,,,,,,,,,
27.694,,9.973,,,,,,,,,,,,,,,
28.319,24,,,,,,,,,,,,,,,,
29.851,,,3.131,,,,,,,,,,,,,,
29.857,,11.944,,,,,,,,,,,,,,,
30.053,26.016,,,,,,,,,,,,,,,,
30.1,,,,0.589,,,,,,,,,,,,,
32.015,28.043,,,,,,,,,,,,,,,,
32.445,,13.993,,,,,,,,,,,,,,,
32.912,,,4.076,,,,,,,,,,,,,,
34.177,30.014,,,,,,,,,,,,,,,,
34.821,,,,1.158,,,,,,,,,,,,,
34.978,,,4.95,,,,,,,,,,,,,,
35.006,,15.974,,,,,,,,,,,,,,,
35.911,32.018,,,,,,,,,,,,,,,,
37.081,,18.024,,,,,,,,,,,,,,,
37.312,,,6.084,,,,,,,,,,,,,,
37.901,34.012,,,,,,,,,,,,,,,,
39.414,,19.994,,,,,,,,,,,,,,,
39.977,36.084,,,,,,,,,,,,,,,,
40.002,,,7.566,,,,,,,,,,,,,,
40.078,,,,2.065,,,,,,,,,,,,,
41.518,,22.01,,,,,,,,,,,,,,,
41.74,38.044,,,,,,,,,,,,,,,,
42.076,,,,,0.168,,,,,,,,,,,,
43.13,,,9.943,,,,,,,,,,,,,,
43.594,,23.992,,,,,,,,,,,,,,,
43.729,40.138,,,,,,,,,,,,,,,,
45.104,,,,3.175,,,,,,,,,,,,,
45.452,42.114,,,,,,,,,,,,,,,,
45.842,,25.985,,,,,,,,,,,,,,,
45.878,,,11.989,,,,,,,,,,,,,,
47.568,44.08,,,,,,,,,,,,,,,,
47.803,,28.012,,,,,,,,,,,,,,,
48.627,,,14.053,,,,,,,,,,,,,,
49.239,,,,,,0.153,,,,,,,,,,,
49.639,46.091,,,,,,,,,,,,,,,,
49.938,,29.904,,,,,,,,,,,,,,,
50.173,,,,5.164,,,,,,,,,,,,,
50.209,,,,,1.195,,,,,,,,,,,,
50.766,,,16.001,,,,,,,,,,,,,,
51.122,48.094,,,,,,,,,,,,,,,,
51.899,,31.976,,,,,,,,,,,,,,,
53.221,,,18.003,,,,,,,,,,,,,,
53.374,50.087,,,,,,,,,,,,,,,,
53.889,,34.003,,,,,,,,,,,,,,,
55.02,,,,,,0.71,,,,,,,,,,,
55.089,,,,,2.043,,,,,,,,,,,,
55.089,,,,7.74,,,,,,,,,,,,,
55.127,52.107,,,,,,,,,,,,,,,,
55.134,,,19.987,,,,,,,,,,,,,,
55.707,,36.098,,,,,,,,,,,,,,,
57.018,54.038,,,,,,,,,,,,,,,,
57.227,,,21.998,,,,,,,,,,,,,,
57.698,,38.058,,,,,,,,,,,,,,,
58.814,,,,10.025,,,,,,,,,,,,,
59.021,56.076,,,,,,,,,,,,,,,,
59.411,,,24.009,,,,,,,,,,,,,,
59.775,,40.039,,,,,,,,,,,,,,,
60.125,,,,,,1.115,,,,,,,,,,,
60.294,,,,,3.19,,,,,,,,,,,,
60.662,58.07,,,,,,,,,,,,,,,,
61.374,,,,12.04,,,,,,,,,,,,,
61.458,,,26.074,,,,,,,,,,,,,,
61.594,,42.067,,,,,,,,,,,,,,,
62.642,60.081,,,,,,,,,,,,,,,,
62.817,,,,,3.999,,,,,,,,,,,,
63.44,,,27.978,,,,,,,,,,,,,,
63.642,,44.049,,,,,,,,,,,,,,,
63.821,,,,13.999,,,,,,,,,,,,,
64.78,62.083,,,,,,,,,,,,,,,,
65.1,,,,,,,0.32,,,,,,,,,,
65.139,,,,,,1.592,,,,,,,,,,,
65.252,,,,,4.965,,,,,,,,,,,,
65.376,,46.031,,,,,,,,,,,,,,,
65.622,,,30.051,,,,,,,,,,,,,,
66.325,,,,15.958,,,,,,,,,,,,,
66.783,64.067,,,,,,,,,,,,,,,,
67.627,,,,,6.079,,,,,,,,,,,,
67.68,,48.013,,,,,,,,,,,,,,,
67.966,,,31.982,,,,,,,,,,,,,,
68.56,66.096,,,,,,,,,,,,,,,,
68.856,,,,18.018,,,,,,,,,,,,,
69.698,,50.085,,,,,,,,,,,,,,,
70.105,,,33.975,,,,,,,,,,,,,,
70.24,,,,,,2.23,,,,,,,,,,,
70.364,,,,,,,0.787,,,,,,,,,,
70.426,,,,,7.428,,,,,,,,,,,,
70.472,68.09,,,,,,,,,,,,,,,,
71.189,,,,20.033,,,,,,,,,,,,,
71.746,,52.078,,,,,,,,,,,,,,,
71.947,,,36.066,,,,,,,,,,,,,,
72.43,70.065,,,,,,,,,,,,,,,,
73.153,,,,,,,,0.164,,,,,,,,,
73.323,,,,21.948,,,,,,,,,,,,,
73.509,,54.038,,,,,,,,,,,,,,,
73.861,,,38.015,,,,,,,,,,,,,,
74.365,72.076,,,,,,,,,,,,,,,,
74.545,,,,,10.005,,,,,,,,,,,,
75.23,,,,,,,1.22,,,,,,,,,,
75.284,,,,,,3.647,,,,,,,,,,,
75.5,,56.031,,,,,,,,,,,,,,,
75.57,,,,23.941,,,,,,,,,,,,,
75.796,,,40.026,,,,,,,,,,,,,,
76.255,74.079,,,,,,,,,,,,,,,,
77.533,,,,,11.963,,,,,,,,,,,,
77.633,,58.047,,,,,,,,,,,,,,,
77.76,,,,25.934,,,,,,,,,,,,,
77.91,,,42.091,,,,,,,,,,,,,,
78.327,76.027,,,,,,,,,,,,,,,,
79.253,,60.018,,,,,,,,,,,,,,,
79.894,,,,27.916,,,,,,,,,,,,,
79.914,,,44.031,,,,,,,,,,,,,,
80.216,78.047,,,,,,,,,,,,,,,,
80.323,,,,,,,,0.837,,,,,,,,,
80.379,,,,,13.967,,,,,,,,,,,,
80.411,,,,,,5.457,,,,,,,,,,,
80.579,,,,,,,1.755,,,,,,,,,,
81.272,,62.012,,,,,,,,,,,,,,,
81.759,,,46.06,,,,,,,,,,,,,,
81.837,79.934,,,,,,,,,,,,,,,,
81.854,,,,30.022,,,,,,,,,,,,,
82.598,,,,,15.937,,,,,,,,,,,,
83.064,,63.971,,,,,,,,,,,,,,,
83.739,,,48.035,,,,,,,,,,,,,,
83.874,,,,31.959,,,,,,,,,,,,,
84.907,,,,,,,,,0.25,,,,,,,,
84.94,,66.044,,,,,,,,,,,,,,,
85.101,,,,,17.998,,,,,,,,,,,,
85.18,,,,,,,2.465,,,,,,,,,,
85.197,,,,,,7.438,,,,,,,,,,,
85.307,,,,,,,,1.271,,,,,,,,,
85.543,,,49.751,,,,,,,,,,,,,,
85.58,,,,33.964,,,,,,,,,,,,,
87.072,,68.105,,,,,,,,,,,,,,,
87.177,,,,,19.968,,,,,,,,,,,,
87.633,,,51.959,,,,,,,,,,,,,,
87.712,,,,36.013,,,,,,,,,,,,,
88.693,,70.031,,,,,,,,,,,,,,,
89.309,,,,,22.018,,,,,,,,,,,,
89.771,,,53.988,,,,,,,,,,,,,,
89.93,,,,,,9.804,,,,,,,,,,,
90.044,,,,38.006,,,,,,,,,,,,,
90.114,,,,,,,3.695,,,,,,,,,,
90.254,,,,,,,,1.762,,,,,,,,,
90.314,,,,,,,,,0.717,,,,,,,,
90.682,,72.114,,,,,,,,,,,,,,,
91.387,,,,,23.932,,,,,,,,,,,,
91.66,,,56.035,,,,,,,,,,,,,,
91.779,,,,40.022,,,,,,,,,,,,,
92.674,,74.017,,,,,,,,,,,,,,,
92.768,,,,,,11.939,,,,,,,,,,,
93.519,,,,,25.982,,,,,,,,,,,,
93.528,,,58.029,,,,,,,,,,,,,,
93.826,,,,42.049,,,,,,,,,,,,,
94.552,,75.966,,,,,,,,,,,,,,,
94.975,,,,,,,5.081,,,,,,,,,,
95.057,,,,,,,,2.225,,,,,,,,,
95.153,,,,,,,,,1.038,,,,,,,,
95.246,,,,,,13.95,,,,,,,,,,,
95.425,,,,,27.941,,,,,,,,,,,,
95.486,,,59.995,,,,,,,,,,,,,,
95.76,,,,43.998,,,,,,,,,,,,,
96.37,,78.049,,,,,,,,,,,,,,,
97.24,,,62.015,,,,,,,,,,,,,,
97.4,,,,,,,6.058,,,,,,,,,,
97.671,,,,,29.979,,,,,,,,,,,,
97.724,,,,,,15.925,,,,,,,,,,,
97.779,,,,46.013,,,,,,,,,,,,,
98.135,,79.919,,,,,,,,,,,,,,,
99.242,,,64.036,,,,,,,,,,,,,,
99.775,,,,,32.029,,,,,,,,,,,,
99.883,,,,48.007,,,,,,,,,,,,,
100.25,,,,,,,,3.043,,,,,,,,,
100.289,,,,,,,7.219,,,,,,,,,,
100.291,,,,,,17.989,,,,,,,,,,,
100.305,,,,,,,,,1.448,,,,,,,,
100.97,,,,,,,,,,0.071,,,,,,,
101.064,,,66.038,,,,,,,,,,,,,,
101.567,,,,,33.955,,,,,,,,,,,,
101.617,,,,50.011,,,,,,,,,,,,,
102.951,,,,,,19.972,,,,,,,,,,,
103.158,,,68.04,,,,,,,,,,,,,,
103.671,,,,,36.016,,,,,,,,,,,,
103.806,,,,52.106,,,,,,,,,,,,,
104.967,,,,,,,,,,0.433,,,,,,,
105.046,,,,,,,,4.003,,,,,,,,,
105.136,,,,,,21.885,,,,,,,,,,,
105.141,,,,,,,,,1.984,,,,,,,,
105.206,,,70.042,,,,,,,,,,,,,,
105.348,,,,,,,9.657,,,,,,,,,,
105.576,,,,,38.032,,,,,,,,,,,,
105.655,,,,54.066,,,,,,,,,,,,,
107.073,,,72.027,,,,,,,,,,,,,,
107.431,,,,,,23.985,,,,,,,,,,,
107.675,,,,56.014,,,,,,,,,,,,,
107.68,,,,,40.025,,,,,,,,,,,,
109.053,,,74.074,,,,,,,,,,,,,,
109.224,,,,,,,11.967,,,,,,,,,,
109.665,,,,57.996,,,,,,,,,,,,,
109.729,,,,,,25.951,,,,,,,,,,,
109.955,,,,,42.085,,,,,,,,,,,,
110.034,,,,,,,,,2.53,,,,,,,,
110.048,,,,,,,,,,0.946,,,,,,,
110.33,,,,,,,,5.843,,,,,,,,,
111.034,,,76.04,,,,,,,,,,,,,,
111.57,,,,60.046,,,,,,,,,,,,,
111.641,,,,,,27.953,,,,,,,,,,,
111.917,,,,,44.09,,,,,,,,,,,,
112.638,,,,,,,13.952,,,,,,,,,,
113.058,,,78.078,,,,,,,,,,,,,,
113.732,,,,62.005,,,,,,,,,,,,,
113.893,,,,,,29.946,,,,,,,,,,,
113.993,,,,,46.061,,,,,,,,,,,,
115.131,,,79.982,,,,,,,,,,,,,,
115.155,,,,,,,15.924,,,,,,,,,,
115.175,,,,,,,,,,1.405,,,,,,,
115.408,,,,,,,,,3.268,,,,,,,,
115.466,,,,64.021,,,,,,,,,,,,,
115.573,,,,,,,,7.968,,,,,,,,,
115.603,,,,,,,,,,,0.02,,,,,,
115.813,,,,,48.032,,,,,,,,,,,,
115.85,,,,,,31.949,,,,,,,,,,,
117.569,,,,66.071,,,,,,,,,,,,,
117.779,,,,,,,17.966,,,,,,,,,,
117.89,,,,,50.002,,,,,,,,,,,,
118.057,,,,,,33.977,,,,,,,,,,,
119.504,,,,67.996,,,,,,,,,,,,,
119.92,,,,,,,,10.022,,,,,,,,,
120.08,,,,,,,19.966,,,,,,,,,,
120.107,,,,,52.074,,,,,,,,,,,,
120.121,,,,,,,,,4.333,,,,,,,,
120.299,,,,,,,,,,2.079,,,,,,,
120.333,,,,,,35.827,,,,,,,,,,,
120.641,,,,,,,,,,,0.42,,,,,,
121.523,,,,70.023,,,,,,,,,,,,,
122.069,,,,,54.113,,,,,,,,,,,,
122.201,,,,,,,21.967,,,,,,,,,,
122.243,,,,,,38.008,,,,,,,,,,,
123.083,,,,,,,,11.993,,,,,,,,,
123.485,,,,72.017,,,,,,,,,,,,,
124.004,,,,,56.039,,,,,,,,,,,,
124.359,,,,,,,23.953,,,,,,,,,,
124.403,,,,,,40.055,,,,,,,,,,,
125.307,,,,,,,,,6.086,,,,,,,,
125.504,,,,74.021,,,,,,,,,,,,,
125.507,,,,,,,,,,,0.842,,,,,,
125.508,,,,,,,,,,3.021,,,,,,,
125.635,,,,,,,,14.007,,,,,,,,,
125.965,,,,,58.054,,,,,,,,,,,,
126.301,,,,,,,25.94,,,,,,,,,,
126.43,,,,,,42.013,,,,,,,,,,,
127.552,,,,76.015,,,,,,,,,,,,,
127.9,,,,,60.014,,,,,,,,,,,,
128.458,,,,,,,27.954,,,,,,,,,,
128.545,,,,,,44.015,,,,,,,,,,,
128.727,,,,,,,,15.964,,,,,,,,,
129.229,,,,78.008,,,,,,,,,,,,,
130.035,,,,,,,,,8.019,,,,,,,,
130.289,,,,,62.041,,,,,,,,,,,,
130.345,,,,,,46.035,,,,,,,,,,,
130.376,,,,,,,,,,4.089,,,,,,,
130.542,,,,,,,,,,,1.4,,,,,,
130.692,,,,,,,,,,,,0.043,,,,,
130.722,,,,,,,30.068,,,,,,,,,,
131.135,,,,79.979,,,,,,,,,,,,,
131.277,,,,,,,,18.077,,,,,,,,,
132.051,,,,,64.091,,,,,,,,,,,,
132.415,,,,,,48.028,,,,,,,,,,,
132.879,,,,,,,32.054,,,,,,,,,,
133.796,,,,,,,,19.949,,,,,,,,,
133.927,,,,,66.073,,,,,,,,,,,,
134.276,,,,,,,,,10.032,,,,,,,,
134.689,,,,,,50.066,,,,,,,,,,,
134.929,,,,,,,34.012,,,,,,,,,,
135.42,,,,,,,,,,5.487,,,,,,,
135.632,,,,,,,,,,,2.115,,,,,,
135.637,,,,,,,,,,,,0.529,,,,,
135.775,,,,,68.078,,,,,,,,,,,,
136.353,,,,,,52.051,,,,,,,,,,,
136.563,,,,,,,,21.963,,,,,,,,,
136.872,,,,,,,35.985,,,,,,,,,,
137.892,,,,,,,,,11.99,,,,,,,,
137.909,,,,,70.048,,,,,,,,,,,,
138.356,,,,,,54.026,,,,,,,,,,,
138.992,,,,,,,38.099,,,,,,,,,,
139.115,,,,,,,,24.006,,,,,,,,,
139.926,,,,,72.154,,,,,,,,,,,,
140.564,,,,,,55.956,,,,,,,,,,,
140.65,,,,,,,,,,,,1.069,,,,,
140.709,,,,,,,,,,7.092,,,,,,,
140.717,,,,,,,,,,,3.056,,,,,,
140.88,,,,,,,,,13.97,,,,,,,,
140.899,,,,,,,40.043,,,,,,,,,,
141.058,,,,,,,,25.935,,,,,,,,,
141.188,,,,,,,,,,,,,-0.006,,,,
141.72,,,,,74.024,,,,,,,,,,,,
142.203,,,,,,58.084,,,,,,,,,,,
143.199,,,,,,,42.114,,,,,,,,,,
143.394,,,,,,,,28.007,,,,,,,,,
143.938,,,,,76.051,,,,,,,,,,,,
143.954,,,,,,,,,15.94,,,,,,,,
144.388,,,,,,59.997,,,,,,,,,,,
145.249,,,,,,,44.072,,,,,,,,,,
145.344,,,,,,,,,,,4.178,,,,,,
145.391,,,,,,,,,,,,1.609,,,,,
145.455,,,,,,,,,,,,,0.436,,,,
145.586,,,,,,,,,,9.019,,,,,,,
145.729,,,,,77.999,,,,,,,,,,,,
145.91,,,,,,,,30.035,,,,,,,,,
146.187,,,,,,62.044,,,,,,,,,,,
146.485,,,,,,,,,18.034,,,,,,,,
146.976,,,,,,,46.073,,,,,,,,,,
147.692,,,,,80.004,,,,,,,,,,,,
147.889,,,,,,,,31.979,,,,,,,,,
148.392,,,,,,64.091,,,,,,,,,,,
148.989,,,,,,,48.073,,,,,,,,,,
149.131,,,,,,,,,20.038,,,,,,,,
149.782,,,,,,,,,,,,,,0.019,,,
150.118,,,,,,,,33.993,,,,,,,,,
150.486,,,,,,66.084,,,,,,,,,,,
150.513,,,,,,,,,,,,,0.949,,,,
150.561,,,,,,,,,,,,2.184,,,,,
150.615,,,,,,,,,,11.339,,,,,,,
150.622,,,,,,,,,,,5.558,,,,,,
151.111,,,,,,,50.102,,,,,,,,,,
151.179,,,,,,,,,21.986,,,,,,,,
152.06,,,,,,,,35.98,,,,,,,,,
152.083,,,,,,68.015,,,,,,,,,,,
153.089,,,,,,,52.075,,,,,,,,,,
153.854,,,,,,,,,23.99,,,,,,,,
154.129,,,,,,70.107,,,,,,,,,,,
154.43,,,,,,,,38.179,,,,,,,,,
154.982,,,,,,,,,,13.983,,,,,,,
155.138,,,,,,,54.104,,,,,,,,,,
155.501,,,,,,,,,,,,3.019,,,,,
155.528,,,,,,,,,,,,,1.345,,,,
155.701,,,,,,,,,,,,,,0.468,,,
155.753,,,,,,,,,,,7.198,,,,,,
156.066,,,,,,72.019,,,,,,,,,,,
156.1,,,,,,,,,26.016,,,,,,,,
156.302,,,,,,,,40.023,,,,,,,,,
156.83,,,,,,,56.005,,,,,,,,,,
158.138,,,,,,,,,,15.993,,,,,,,
158.182,,,,,,74.039,,,,,,,,,,,
158.376,,,,,,,,,28.032,,,,,,,,
158.458,,,,,,,,42.123,,,,,,,,,
159.166,,,,,,,58.048,,,,,,,,,,
160.162,,,,,,76.05,,,,,,,,,,,
160.438,,,,,,,,,,,,4.06,,,,,
160.541,,,,,,,,,,,8.951,,,,,,
160.586,,,,,,,,,,,,,1.903,,,,
160.599,,,,,,,,,,17.645,,,,,,,
160.627,,,,,,,,,,,,,,0.802,,,
160.651,,,,,,,,,30.025,,,,,,,,
160.652,,,,,,,,44.095,,,,,,,,,
160.75,,,,,,,60.035,,,,,,,,,,
160.819,,,,,,,,,,,,,,,0.086,,
162.187,,,,,,78.062,,,,,,,,,,,
163.062,,,,,,,,46.01,,,,,,,,,
163.213,,,,,,,,,31.961,,,,,,,,
163.23,,,,,,,62.021,,,,,,,,,,
163.852,,,,,,79.993,,,,,,,,,,,
164.587,,,,,,,,,,19.985,,,,,,,
165.135,,,,,,,64.107,,,,,,,,,,
165.254,,,,,,,,48.096,,,,,,,,,
165.608,,,,,,,,,,,11.042,,,,,,
165.641,,,,,,,,,,,,,,1.225,,,
165.688,,,,,,,,,33.943,,,,,,,,
165.769,,,,,,,,,,,,,,,0.348,,
165.774,,,,,,,,,,,,5.521,,,,,
165.844,,,,,,,,,,,,,2.666,,,,
166.97,,,,,,,66.093,,,,,,,,,,
167.29,,,,,,,,,,22.04,,,,,,,
167.34,,,,,,,,50.111,,,,,,,,,
167.961,,,,,,,,,36.093,,,,,,,,
169.019,,,,,,,68.08,,,,,,,,,,
169.461,,,,,,,,52.083,,,,,,,,,
170.063,,,,,,,,,,23.979,,,,,,,
170.435,,,,,,,,,38.188,,,,,,,,
170.625,,,,,,,,,,,,,,,0.745,,
170.753,,,,,,,,,,,13.55,,,,,,
170.766,,,,,,,,,,,,,,1.828,,,
170.854,,,,,,,70.052,,,,,,,,,,
170.9,,,,,,,,,,,,,3.331,,,,
170.924,,,,,,,,,,,,7.349,,,,,
171.367,,,,,,,,54.14,,,,,,,,,
171.515,,,,,,,,,,,,,,,,0.097,
172.398,,,,,,,,,40.091,,,,,,,,
172.744,,,,,,,,,,26.052,,,,,,,
172.833,,,,,,,72.024,,,,,,,,,,
173.453,,,,,,,,56.07,,,,,,,,,
174.675,,,,,,,,,42.061,,,,,,,,
174.774,,,,,,,74.082,,,,,,,,,,
175.044,,,,,,,,,,,16.048,,,,,,
175.29,,,,,,,,,,27.999,,,,,,,
175.69,,,,,,,,,,,,9.124,,,,,
175.791,,,,,,,,58.041,,,,,,,,,
175.804,,,,,,,,,,,,,,2.188,,,
175.812,,,,,,,,,,,,,4.47,,,,
175.83,,,,,,,,,,,,,,,1.14,,
175.844,,,,,,,,,,,,,,,,0.272,
176.716,,,,,,,76.054,,,,,,,,,,
176.978,,,,,,,,,44.122,,,,,,,,
177.696,,,,,,,,60.099,,,,,,,,,
177.723,,,,,,,,,,29.965,,,,,,,
177.834,,,,,,,,,,,17.95,,,,,,
178.658,,,,,,,78.055,,,,,,,,,,
179.112,,,,,,,,,46.07,,,,,,,,
179.887,,,,,,,,62.241,,,,,,,,,
180.043,,,,,,,,,,31.976,,,,,,,
180.498,,,,,,,,,,,,,,,1.473,,
180.676,,,,,,,,,,,,,5.798,,,,
180.679,,,,,,,,,,,19.987,,,,,,
180.693,,,,,,,,,,,,11.624,,,,,
180.724,,,,,,,,,,,,,,2.871,,,
180.738,,,,,,,,,,,,,,,,0.773,
180.853,,,,,,,79.97,,,,,,,,,,
180.96,,,,,,,,,48.052,,,,,,,,
181.579,,,,,,,,64.129,,,,,,,,,
182.542,,,,,,,,,,34.067,,,,,,,
182.744,,,,,,,,,,,,,,,,,0.083
183.491,,,,,,,,,50.135,,,,,,,,
183.593,,,,,,,,66.129,,,,,,,,,
183.752,,,,,,,,,,,22.013,,,,,,
185.065,,,,,,,,,,36.069,,,,,,,
185.223,,,,,,,,,,,,14.017,,,,,
185.421,,,,,,,,,,,,,7.43,,,,
185.447,,,,,,,,,,,,,,,2.053,,
185.598,,,,,,,,,51.981,,,,,,,,
185.642,,,,,,,,,,,,,,3.635,,,
185.689,,,,,,,,,,,,,,,,1.218,
185.822,,,,,,,,68.144,,,,,,,,,
186.368,,,,,,,,,,,24.096,,,,,,
187.203,,,,,,,,,,38.089,,,,,,,
187.672,,,,,,,,,54.076,,,,,,,,
187.694,,,,,,,,70.06,,,,,,,,,
188.696,,,,,,,,,,,,16.026,,,,,
189.13,,,,,,,,,,,26.02,,,,,,
189.477,,,,,,,,,,40.099,,,,,,,
189.777,,,,,,,,72.216,,,,,,,,,
190.004,,,,,,,,,56.125,,,,,,,,
190.286,,,,,,,,,,,,,,,2.43,,
190.316,,,,,,,,,,,,,,,,,0.615
190.368,,,,,,,,,,,,,9.249,,,,
190.487,,,,,,,,,,,,,,4.73,,,
190.555,,,,,,,,,,,,,,,,1.674,
191.542,,,,,,,,74.018,,,,,,,,,
191.832,,,,,,,,,,,28.058,,,,,,
191.888,,,,,,,,,,42.065,,,,,,,
191.91,,,,,,,,,58.051,,,,,,,,
191.989,,,,,,,,,,,,17.982,,,,,
193.936,,,,,,,,,,44.058,,,,,,,
194.184,,,,,,,,,60.146,,,,,,,,
194.451,,,,,,,,,,,29.971,,,,,,
195.151,,,,,,,,,,,,,11.346,,,,
195.166,,,,,,,,,,,,,,,,1.995,
195.168,,,,,,,,,,,,19.974,,,,,
195.284,,,,,,,,,,,,,,5.994,,,
195.377,,,,,,,,,,,,,,,3.021,,
195.382,,,,,,,,,,,,,,,,,0.992
196.118,,,,,,,,,62.105,,,,,,,,
196.527,,,,,,,,,,46.087,,,,,,,
197.21,,,,,,,,,,,32.054,,,,,,
198.346,,,,,,,,,,,,22.037,,,,,
198.366,,,,,,,,,64.076,,,,,,,,
198.734,,,,,,,,,,48.062,,,,,,,
199.884,,,,,,,,,,,34.024,,,,,,
200.009,,,,,,,,,,,,,,,3.85,,
200.135,,,,,,,,,,,,,13.649,,,,
200.188,,,,,,,,,,,,,,7.662,,,
200.344,,,,,,,,,,,,,,,,2.508,
200.413,,,,,,,,,66.114,,,,,,,,
200.826,,,,,,,,,,50.091,,,,,,,
201.254,,,,,,,,,,,,24.011,,,,,
202.189,,,,,,,,,,,36.017,,,,,,
202.631,,,,,,,,,68.163,,,,,,,,
203.26,,,,,,,,,,52.066,,,,,,,
204.319,,,,,,,,,,,,26.075,,,,,
204.484,,,,,,,,,,,,,16.024,,,,
204.664,,,,,,,,,,,38.021,,,,,,
204.912,,,,,,,,,,,,,,9.249,,,
204.981,,,,,,,,,,,,,,,4.746,,
205.03,,,,,,,,,,,,,,,,,1.792
205.181,,,,,,,,,,,,,,,,3.009,
205.444,,,,,,,,,,54.068,,,,,,,
207.092,,,,,,,,,,,,28.022,,,,,
207.224,,,,,,,,,,,40.07,,,,,,
207.74,,,,,,,,,,56.087,,,,,,,
208.002,,,,,,,,,,,,,18.069,,,,
209.727,,,,,,,,,,,42.074,,,,,,
209.887,,,,,,,,,,,,29.961,,,,,
209.956,,,,,,,,,,,,,,,,3.792,
210.005,,,,,,,,,,,,,,,6.002,,
210.06,,,,,,,,,,58.044,,,,,,,
210.097,,,,,,,,,,,,,,,,,2.157
210.275,,,,,,,,,,,,,,11.829,,,
211.25,,,,,,,,,,,,,19.972,,,,
211.463,,,,,,,,,,59.403,,,,,,,
212.174,,,,,,,,,,,44.055,,,,,,
212.682,,,,,,,,,,,,31.998,,,,,
214.339,,,,,,,,,,,,,21.981,,,,
214.378,,,,,,,,,,,,,,14.043,,,
214.478,,,,,,,,,,,46.06,,,,,,
214.739,,,,,,,,,,,,,,,7.519,,
214.818,,,,,,,,,,,,,,,,4.44,
215.046,,,,,,,,,,,,34.027,,,,,
215.075,,,,,,,,,,,,,,,,,2.659
217.01,,,,,,,,,,,48.03,,,,,,
217.473,,,,,,,,,,,,,23.973,,,,
217.908,,,,,,,,,,,,36.055,,,,,
218.192,,,,,,,,,,,,,,15.989,,,
218.533,,,,,,,,,,,,,,,9.07,,
219.712,,,,,,,,,,,50.146,,,,,,
219.845,,,,,,,,,,,,,25.51,,,,
219.912,,,,,,,,,,,,,,,,,3.182
220.075,,,,,,,,,,,,,,,,5.404,
220.476,,,,,,,,,,,,38.065,,,,,
221.461,,,,,,,,,,,,,,17.999,,,
222.301,,,,,,,,,,,,,,,10.418,,
223.181,,,,,,,,,,,,40.039,,,,,
223.243,,,,,,,,,,,,,27.984,,,,
224.934,,,,,,,,,,,,,,19.981,,,
224.974,,,,,,,,,,,,,,,,,3.796
225.13,,,,,,,,,,,,,,,,6.457,
225.499,,,,,,,,,,,,,,,11.756,,
225.793,,,,,,,,,,,,42.086,,,,,
226.218,,,,,,,,,,,,,30.003,,,,
228.295,,,,,,,,,,,,,,21.946,,,
228.52,,,,,,,,,,,,44.069,,,,,
229.034,,,,,,,,,,,,,32.04,,,,
229.892,,,,,,,,,,,,,,,,,4.546
230.042,,,,,,,,,,,,45.096,,,,,
230.169,,,,,,,,,,,,,,,13.724,,
230.182,,,,,,,,,,,,,,,,7.691,
231.813,,,,,,,,,,,,,,24.009,,,
231.875,,,,,,,,,,,,,34.015,,,,
234.35,,,,,,,,,,,,,,,15.951,,
234.692,,,,,,,,,,,,,36.034,,,,
234.97,,,,,,,,,,,,,,25.929,,,
235.065,,,,,,,,,,,,,,,,,5.362
235.144,,,,,,,,,,,,,,,,9.264,
237.395,,,,,,,,,,,,,38.08,,,,
237.832,,,,,,,,,,,,,,27.975,,,
238.192,,,,,,,,,,,,,,,17.998,,
239.754,,,,,,,,,,,,,,,,,6.202
239.81,,,,,,,,,,,,,,,,11.49,
240.103,,,,,,,,,,,,,39.857,,,,
241.056,,,,,,,,,,,,,,30.003,,,
241.636,,,,,,,,,,,,,,,19.979,,
244.301,,,,,,,,,,,,,,32.057,,,
244.842,,,,,,,,,,,,,,,,13.83,
245.053,,,,,,,,,,,,,,,21.959,,
245.061,,,,,,,,,,,,,,,,,7.583
247.163,,,,,,,,,,,,,,34.049,,,
248.41,,,,,,,,,,,,,,,24.007,,
248.939,,,,,,,,,,,,,,,,16.012,
249.829,,,,,,,,,,,,,,35.701,,,
249.937,,,,,,,,,,,,,,,,,9.053
251.342,,,,,,,,,,,,,,,25.977,,
252.743,,,,,,,,,,,,,,,,,10.054
252.87,,,,,,,,,,,,,,,,17.969,
254.302,,,,,,,,,,,,,,,27.98,,
255.235,,,,,,,,,,,,,,,,,11.031
256.426,,,,,,,,,,,,,,,,20.039,
257.33,,,,,,,,,,,,,,,,,11.942
257.49,,,,,,,,,,,,,,,30.017,,
260.07,,,,,,,,,,,,,,,,,13.247
260.137,,,,,,,,,,,,,,,31.874,,
260.213,,,,,,,,,,,,,,,,21.963,
261.628,,,,,,,,,,,,,,,,,14.034
263.514,,,,,,,,,,,,,,,,23.921,
265.075,,,,,,,,,,,,,,,,,15.699
266.817,,,,,,,,,,,,,,,,25.957,
269.398,,,,,,,,,,,,,,,,,17.993
270.088,,,,,,,,,,,,,,,,27.972,
273.047,,,,,,,,,,,,,,,,30.065,
273.101,,,,,,,,,,,,,,,,,19.94
276.371,,,,,,,,,,,,,,,,,22.01
278.941,,,,,,,,,,,,,,,,,23.507
282.922,,,,,,,,,,,,,,,,,25.932
285.072,,,,,,,,,,,,,,,,,27.29
